名称,代码,现价,PE,市值亿,净利同比%,营收同比%,ROE%,毛利率%,距MA20%,距MA60%,60日区间%,量比,评分
拉卡拉,300773,16.0,10.596,174.0,490.97,24.1336708806,13.0,24.2,5.2,-0.8,38,1.47,95
云铝股份,000807,27.85,15.914,965.8,269.45,13.6840893824,10.64,31.6,6.9,6.9,63,1.02,95
宏桥控股,002379,19.76,14.415,2574.9,37.56,3.205088824,13.81,24.0,2.9,8.4,67,1.54,95
分众传媒,002027,5.29,25.931,764.0,57.65,2.0092691701,12.13,68.7,1.6,3.8,65,1.01,90
宝丰能源,600989,23.9,15.321,1752.7,50.23,22.8956954811,7.28,37.4,3.8,3.9,42,0.71,85
春秋航空,601021,45.83,19.256,448.4,45.15,14.158256146,5.3,20.1,0.5,-0.1,43,0.67,85
盐津铺子,002847,50.79,18.27,137.2,29.48,2.9384521083,10.97,31.8,3.0,0.3,43,1.18,85
华友钴业,603799,46.07,13.793,872.3,99.45,44.6237854319,5.05,20.7,14.2,-2.7,44,1.58,85
中国铝业,601600,10.05,13.581,1724.1,56.35,4.8488062761,7.11,25.8,7.1,3.3,48,0.74,85
腾远钴业,301219,52.79,14.003,202.1,330.11,75.1256309993,5.52,34.6,15.8,-0.8,51,1.42,85
中原内配,002448,12.29,17.557,72.3,78.66,25.403979127,5.13,26.8,7.5,-0.6,52,1.07,85
盐湖股份,000792,29.5,18.418,1561.0,154.78,94.8919768094,6.54,68.7,9.7,1.6,54,0.63,85
芭田股份,002170,11.69,12.385,113.4,60.26,19.4203790135,7.02,38.2,3.9,3.0,54,0.83,85
诺 普 信,002215,9.21,13.936,92.5,20.04,25.194549439,16.58,42.7,3.2,2.6,54,0.75,85
天山铝业,002532,13.94,13.276,645.2,109.7,6.553903303,7.27,35.6,8.2,6.6,56,0.87,85
神火股份,000933,27.34,15.105,614.9,223.28,28.827177073,8.9,33.5,7.0,6.3,60,0.98,85
世纪华通,002602,14.31,18.346,1054.7,50.18,35.1855421478,6.46,72.0,6.6,2.7,64,0.73,85
焦作万方,000612,11.68,13.007,139.2,216.46,18.485738586,6.86,36.4,6.7,5.1,71,0.86,85
兴齐眼药,300573,42.95,15.177,153.5,41.48,27.4548724552,9.92,82.1,3.5,6.6,73,1.14,85
卫星化学,002648,26.46,16.747,891.3,34.97,2.8220058813,6.14,24.3,7.3,9.9,76,0.75,85
大豪科技,603025,13.54,21.156,151.2,41.32,15.582997897,8.37,47.6,4.1,-4.3,32,0.72,80
高能环境,603588,14.69,26.641,223.8,168.4,50.9081934711,6.059,24.3,12.7,1.5,38,0.85,80
西麦食品,002956,18.18,23.308,56.8,85.86,25.6454425147,6.13,44.1,4.2,-9.1,39,0.96,80
宁德时代,300750,393.87,24.403,18223.0,48.52,52.4486955482,5.98,24.8,2.5,0.5,53,0.84,80
天味食品,603317,14.64,27.182,155.5,234.67,76.1909393739,5.36,45.0,3.4,3.4,54,1.07,80
纽威股份,603699,53.34,25.4,413.5,31.4,16.5283120327,7.27,39.2,19.0,4.8,55,1.17,80
万辰集团,300972,206.4,28.263,407.3,193.12,53.7251920719,34.51,12.9,2.5,6.7,66,0.86,80
苏 泊 尔,002032,41.48,15.748,331.8,1.68,1.6542232833,7.73,25.1,-3.8,-4.3,31,1.0,75
黔源电力,002039,19.98,14.235,85.4,72.09,16.7199127711,1.99,56.9,1.0,-0.7,31,0.68,75
海陆重工,002255,8.58,17.092,71.3,40.33,6.7716231875,2.34,33.0,4.6,-5.6,31,0.94,75
兰生股份,600826,8.17,18.156,59.2,46.14,5.4685337644,-0.3,21.6,2.9,-5.6,32,0.58,75
中际联合,605305,39.75,15.9,84.5,30.74,38.4142947611,4.29,50.4,1.9,-1.2,35,0.71,75
北大荒,600598,12.21,18.613,217.1,7.84,9.5432936178,7.0,64.3,2.1,-4.7,36,0.87,75
安井食品,603345,85.89,19.52,286.3,42.74,30.8431531592,3.57,25.0,-1.2,-1.7,37,1.15,75
东方铁塔,002545,18.92,19.513,235.4,95.21,48.5919315988,4.02,43.6,6.3,-0.3,39,0.9,75
三美股份,603379,67.72,19.918,413.4,26.29,15.3568125799,6.05,53.4,10.4,7.1,44,0.67,75
上海建科,603153,13.43,14.758,55.0,30.71,0.3478226778,0.34,27.3,2.3,-0.2,45,0.99,75
华鲁恒升,600426,21.65,13.852,595.4,57.96,7.3600136901,3.32,22.3,4.2,3.7,46,1.06,75
湖北能源,000883,4.64,16.0,328.5,42.04,4.9932141756,1.35,26.1,-0.1,-0.4,46,0.52,75
东鹏饮料,605499,130.83,15.409,960.6,28.31,21.4554820991,8.42,46.9,1.6,0.1,48,1.56,75
兔 宝 宝,002043,12.7,14.767,105.4,46.36,32.6794283057,4.39,16.2,1.5,3.7,48,1.05,75
中山公用,000685,11.26,8.797,165.3,91.5,2.9481981921,3.08,27.8,2.5,2.7,48,0.63,75
富森美,002818,10.93,14.77,81.8,161.99,-21.7480864995,6.7,63.8,1.6,0.1,50,0.88,75
达仁堂,600329,37.21,13.433,286.6,13.24,4.1162742036,5.8,77.7,-1.6,0.1,54,0.76,75
贵州轮胎,000589,4.4,11.0,68.4,172.57,6.3209269899,1.97,19.9,1.7,0.3,55,1.21,75
中通客车,000957,10.36,16.025,61.4,30.04,5.2253299656,3.12,17.8,3.1,2.9,55,0.8,75
电投能源,002128,27.95,11.55,873.9,28.35,11.6195776353,5.13,46.5,4.7,4.1,55,0.71,75
三角轮胎,601163,13.4,11.652,107.2,31.18,10.0407877808,1.55,20.1,3.4,2.2,57,0.84,75
双汇发展,000895,24.95,16.935,864.4,13.59,2.1205247104,5.87,19.7,-0.8,2.2,59,1.24,75
中孚实业,600595,6.77,16.925,271.3,256.61,32.2262089537,4.69,20.5,4.8,4.6,60,1.28,75
TCL智家,002668,10.37,9.971,112.4,1.58,6.2243384488,8.3,25.2,0.3,2.8,61,1.13,75
鄂尔多斯,600295,12.59,14.988,352.4,42.8,4.5706217261,2.96,22.9,1.0,1.8,63,0.93,75
伊利股份,600887,26.26,14.35,1661.0,10.68,5.4718973008,9.44,38.4,-1.4,2.3,63,0.86,75
长江电力,600900,28.05,19.892,6863.3,30.5,6.4427781703,3.01,55.6,-1.5,3.4,64,0.95,75
瀚蓝环境,600323,29.98,12.388,244.4,37.83,40.5984871254,3.88,38.0,-0.7,2.9,68,1.1,75
大参林,603233,18.23,16.88,207.6,11.12,0.2479062084,6.3,36.0,-2.4,6.8,69,1.19,75
公牛集团,603195,41.05,18.164,740.3,8.55,3.5165172925,6.1,42.7,3.3,3.6,70,0.81,75
佐力药业,300181,14.36,15.609,100.7,10.18,8.8997833351,6.09,63.8,0.2,3.6,70,1.21,75
羚锐制药,600285,22.39,16.709,127.0,13.61,10.3177095071,6.99,78.2,-1.1,5.3,73,0.99,75
百隆东方,601339,8.0,18.182,120.0,39.83,14.8487803032,2.62,17.1,-0.1,7.3,73,1.07,75
新乳业,002946,16.97,19.965,146.1,39.89,8.3055621518,4.77,30.0,3.6,5.8,73,1.26,75
西藏药业,600211,39.73,13.653,128.1,10.93,1.6063978811,7.58,92.9,2.4,4.0,75,1.09,75
一拖股份,601038,13.48,18.655,151.5,6.23,2.4748511448,7.08,16.5,1.0,8.8,76,1.05,75
美的集团,000333,85.3,14.707,6506.9,2.03,2.4546350219,5.56,25.6,0.7,6.9,76,0.86,75
海澜之家,600398,6.11,13.578,293.4,1.51,7.6638134057,5.05,45.3,1.1,5.2,78,1.1,75
山推股份,000680,11.4,14.085,171.0,20.81,20.1060274024,5.3,21.0,5.9,6.9,78,0.95,75
